<?xml version="1.0" encoding="UTF-8" standalone="no"?><objectListWrapper>
  <objects>
      <objectContainer>
         <project>
            <name>[test v1.0.0] Example BP</name>
            <description/>
            <author>workfusion</author>
            <runs>
               <run>
                  <campaign>
                     <active>true</active>
                     <businessRules/>
                     <campaignMaps>
                        <campaignMap>
                           <activateTracking>false</activateTracking>
                           <businessRule>
                              <content>#RuleContext.APPROVE_ALL_RULE</content>
                              <name>Approve All</name>
                              <ruleType>WORKFLOW_RULE</ruleType>
                              <ruleTypeUI>Composite</ruleTypeUI>
                              <uuid>0a1c556d-78c3-46ec-a090-e75dbab79ebf</uuid>
                              <workflowRuleMode>SIMPLE</workflowRuleMode>
                           </businessRule>
                           <campaign>
                              <active>true</active>
                              <businessRules/>
                              <campaignMaps/>
                              <campaigns/>
                              <createNewTrainingSet>false</createNewTrainingSet>
                              <executingType>MACHINE</executingType>
                              <includeOriginalData>false</includeOriginalData>
                              <machineConfig>
                                 <answers/>
                                 <content>&lt;?xml version="1.0" encoding="UTF-8"?&gt;&#13;
&lt;config xmlns="http://web-harvest.sourceforge.net/schema/1.0/config" scriptlang="groovy"&gt;&#13;
&#13;
    &#13;
&#13;
    &lt;script&gt;&lt;![CDATA[&#13;
        import com.workfusion.odf2.core.Odf&#13;
        import com.workfusion.chakshu.task.ExampleBotTask&#13;
        // after imports&#13;
&#13;
        // before odf builder&#13;
        def odf = Odf.builder()&#13;
            .withInput(__taskInputMap.getWrappedObject())&#13;
            .withBinding(binding)&#13;
            &#13;
            // after modules&#13;
            .build()&#13;
&#13;
        // after odf builder&#13;
&#13;
        result = odf.runTask(ExampleBotTask)&#13;
&#13;
        // after runTask&#13;
&#13;
        rows = result.getRows()&#13;
        columns = result.getColumns()&#13;
&#13;
        // after all&#13;
    ]]&gt;&lt;/script&gt;&#13;
&#13;
    &lt;case&gt;&#13;
        &lt;if condition="${result.isPresent()}"&gt;&#13;
            &lt;export include-original-data="false"&gt;&#13;
                &lt;multi-column list="${rows}" split-results="${rows.size() &gt; 1}"&gt;&#13;
                    &lt;loop item="columnName"&gt;&#13;
                        &lt;list&gt;&#13;
                            &lt;script return="columns"/&gt;&#13;
                        &lt;/list&gt;&#13;
                        &lt;body&gt;&#13;
                            &lt;put-to-column-getter name="${columnName}" property="${columnName}"/&gt;&#13;
                        &lt;/body&gt;&#13;
                    &lt;/loop&gt;&#13;
                &lt;/multi-column&gt;&#13;
            &lt;/export&gt;&#13;
        &lt;/if&gt;&#13;
    &lt;/case&gt;&#13;
&lt;/config&gt;</content>
                                 <gavc>com.workfusion.chakshu:assignment_0-bcb:1.0.0:main:example-bot</gavc>
                                 <includedConfigs/>
                                 <inclusionCode>com.workfusion.chakshu:assignment_0-bcb:1.0.0:main:example-bot</inclusionCode>
                                 <machineWorkSetting>
                                    <category>
                                       <automation>false</automation>
                                       <description/>
                                       <enabled>true</enabled>
                                       <executingType>MACHINE</executingType>
                                       <name>Other</name>
                                       <private>false</private>
                                       <publicId>dd92f240-144b-4fef-8476-4ec0acbc1105</publicId>
                                    </category>
                                    <contentType>BLANK</contentType>
                                    <description/>
                                    <enabled>true</enabled>
                                    <name>Miscellaneous Tasks</name>
                                    <publicId>26e6e095-00bb-43fa-8c34-af0b18e71ac9</publicId>
                                    <version>
                                       <lastModified>2022-10-29T13:41:13.979Z</lastModified>
                                       <componentUuid>26e6e095-00bb-43fa-8c34-af0b18e71ac9</componentUuid>
                                       <incrementalVersion>1.0</incrementalVersion>
                                       <lastInChain>true</lastInChain>
                                       <versionUuid>05b885d6-6e48-41dd-acb0-8d71fa9e4a97</versionUuid>
                                    </version>
                                    <answers/>
                                    <machineWorkSettingType>BASIC</machineWorkSettingType>
                                    <template>
                                       <content>&lt;?xml version="1.0" encoding="UTF-8"?&gt;
&lt;config charset="UTF-8"&gt;
	&lt;export include-original-data="true"&gt;
	&lt;/export&gt;
&lt;/config&gt;</content>
                                       <name>Blank</name>
                                       <origination>CREATED_MANUALLY</origination>
                                       <status>ACTIVE</status>
                                       <type>BASE_MACHINE</type>
                                       <uuid>8f04bd99-7f51-4796-a528-d1a7c9ccfbc4</uuid>
                                       <version>
                                          <lastModified>2022-10-29T13:41:13.979Z</lastModified>
                                          <componentUuid>8f04bd99-7f51-4796-a528-d1a7c9ccfbc4</componentUuid>
                                          <incrementalVersion>1.0</incrementalVersion>
                                          <lastInChain>false</lastInChain>
                                          <versionUuid>05b885d6-6e48-41dd-acb0-8d71fa9e4a97</versionUuid>
                                       </version>
                                    </template>
                                 </machineWorkSetting>
                                 <machineWorkSettingType>BASIC</machineWorkSettingType>
                                 <name>assignment_0-bcb v1.0.0 (example-bot)</name>
                                 <machineConfigOptions/>
                                 <sourceType>BUNDLE</sourceType>
                                 <template>
                                    <content>&lt;?xml version="1.0" encoding="UTF-8"?&gt;
&lt;config charset="UTF-8"&gt;
	&lt;export include-original-data="true"&gt;
	&lt;/export&gt;
&lt;/config&gt;</content>
                                    <name>Blank</name>
                                    <origination>CREATED_MANUALLY</origination>
                                    <status>ACTIVE</status>
                                    <type>BASE_MACHINE</type>
                                    <uuid>8f04bd99-7f51-4796-a528-d1a7c9ccfbc4</uuid>
                                    <version>
                                       <lastModified>2022-10-29T13:41:13.979Z</lastModified>
                                       <componentUuid>8f04bd99-7f51-4796-a528-d1a7c9ccfbc4</componentUuid>
                                       <incrementalVersion>1.0</incrementalVersion>
                                       <lastInChain>false</lastInChain>
                                       <versionUuid>05b885d6-6e48-41dd-acb0-8d71fa9e4a97</versionUuid>
                                    </version>
                                 </template>
                                 <uuid>1e93ab39-dae5-4811-8f11-6515ed237485</uuid>
                                 <version>
                                    <lastModified>2022-10-29T13:41:13.979Z</lastModified>
                                    <componentUuid>548d6615-2dc0-4b16-b976-dc827c256d08</componentUuid>
                                    <incrementalVersion>1.0</incrementalVersion>
                                    <lastInChain>true</lastInChain>
                                    <versionUuid>05b885d6-6e48-41dd-acb0-8d71fa9e4a97</versionUuid>
                                 </version>
                              </machineConfig>
                              <origination>CREATED_AUTOMATICALLY</origination>
                              <requiresData>true</requiresData>
                              <status>ACTIVE</status>
                              <streamComplexRunThreshold>1</streamComplexRunThreshold>
                              <streamTimeInterval>Immediately</streamTimeInterval>
                              <streamTimeIntervalValue>0</streamTimeIntervalValue>
                              <streamValueType>Tasks</streamValueType>
                              <title>assignment_0-bcb v1.0.0 (example-bot)</title>
                              <type>SINGLE</type>
                              <uuid>4ea12739-8897-4a9a-96f2-d553e0b15b76</uuid>
                              <validWorkflow>false</validWorkflow>
                              <version>
                                 <lastModified>2022-10-29T13:41:13.979Z</lastModified>
                                 <componentUuid>269ca825-b82c-455e-adbf-0a3ff2afb502</componentUuid>
                                 <incrementalVersion>1.0</incrementalVersion>
                                 <lastInChain>true</lastInChain>
                                 <versionUuid>05b885d6-6e48-41dd-acb0-8d71fa9e4a97</versionUuid>
                              </version>
                              <workSettingBase>false</workSettingBase>
                              <goldRatio>0</goldRatio>
                              <goldBucketBlockSize>0</goldBucketBlockSize>
                              <goldSource>Empty</goldSource>
                              <goldType>Percentage</goldType>
                              <moderation>false</moderation>
                           </campaign>
                           <deleted>false</deleted>
                           <lastModifiedAudit>
                              <lastModified>2022-04-08T14:58:21.280Z</lastModified>
                           </lastModifiedAudit>
                           <skipForSTPCalculation>false</skipForSTPCalculation>
                           <stepIndex>1</stepIndex>
                           <stepPosition>START</stepPosition>
                           <streamed>false</streamed>
                           <uuid>4d9badd7-5e2e-43c6-9e7b-ae982c32ac2d</uuid>
                           <blockSize>1</blockSize>
                        </campaignMap>
                        <campaignMap>
                           <activateTracking>false</activateTracking>
                           <businessRule>
                              <content>package com.freedomoss.requester;

#list any import classes here.
import com.freedomoss.objective.model.CompositeRuleContext;
import com.freedomoss.objective.model.CompositeRuleDataItemContext;
import com.freedomoss.requester.model.AwsHitQuestionItem;
import com.freedomoss.requester.model.AwsHitQuestionAnswerItem;
import org.slf4j.Logger;
import java.util.Map;
import java.util.Iterator;
import java.util.List;
import java.util.Set;
import java.util.ArrayList;
import com.freedomoss.requester.dto.SubmissionResultDTO;

#declare any global variables here
global CompositeRuleContext source
global Logger log
global Map params



rule "Rule context initialization"
auto-focus true
no-loop
dialect "mvel"
agenda-group "initialization-group"
	when
		$ctx:CompositeRuleContext(initialized == false);
	then
		$ctx.updateWorkingMemory();
		# move to business rules
		$ctx.logExecutedRule(kcontext.getRule().getName());
		kcontext.getKnowledgeRuntime().getAgenda().getAgendaGroup("calculation").setFocus();
end</content>
                              <name>Business Process: End Rule</name>
                              <ruleType>WORKFLOW_RULE</ruleType>
                              <uuid>20b6191c-1d50-489c-b053-1b3895fbeb5g</uuid>
                              <workflowRuleMode>ADVANCED</workflowRuleMode>
                           </businessRule>
                           <campaign>
                              <active>false</active>
                              <businessRules/>
                              <campaignMaps/>
                              <campaigns/>
                              <createNewTrainingSet>false</createNewTrainingSet>
                              <executingType>MACHINE</executingType>
                              <includeOriginalData>false</includeOriginalData>
                              <machineConfig>
                                 <answers/>
                                 <content>&lt;?xml version="1.0" encoding="UTF-8"?&gt;
&lt;config charset="UTF-8"&gt;

    &lt;var-def name="exportType"&gt;
        &lt;case&gt;
            &lt;if condition='${sys.isVariableDefined("_sys_export_type")}'&gt;
                &lt;template&gt;${_sys_export_type}&lt;/template&gt;
            &lt;/if&gt;
        &lt;/case&gt;
    &lt;/var-def&gt;

    &lt;var-def name="exportColumns"&gt;
        &lt;case&gt;
            &lt;if condition='${sys.isVariableDefined("_sys_export_columns")}'&gt;
                &lt;template&gt;${_sys_export_columns}&lt;/template&gt;
            &lt;/if&gt;
            &lt;else&gt;&lt;/else&gt;
        &lt;/case&gt;
    &lt;/var-def&gt;

    &lt;var-def name="columnNameCase"&gt;
        &lt;case&gt;
            &lt;if condition='${sys.isVariableDefined("_sys_column_name_case")}'&gt;
                &lt;template&gt;${_sys_column_name_case}&lt;/template&gt;
            &lt;/if&gt;
            &lt;else&gt;keep&lt;/else&gt;
        &lt;/case&gt;
    &lt;/var-def&gt;

    &lt;var-def name="dataOnly"&gt;
        &lt;case&gt;
            &lt;if condition='${sys.isVariableDefined("_sys_data_only")}'&gt;
                &lt;template&gt;${_sys_data_only}&lt;/template&gt;
            &lt;/if&gt;
            &lt;else&gt;true&lt;/else&gt;
        &lt;/case&gt;
    &lt;/var-def&gt;

    &lt;var-def name="datastoreName"&gt;
        &lt;script return="item.getWrappedObject().getRun().getDatastoreName()" /&gt;
    &lt;/var-def&gt;
    &lt;case&gt;
        &lt;if condition="${!datastoreName.isEmpty()}"&gt;
            &lt;insert-datastore   datastore-name="${datastoreName}" create="true"&gt;
                &lt;script return="hit_submission_data_item.getWrappedObject().getItemValueMap()"/&gt;
            &lt;/insert-datastore&gt;
        &lt;/if&gt;
    &lt;/case&gt;

    &lt;export include-original-data="true"
            export-type="${exportType}"
            export-columns="${exportColumns}"
            column-name-case="${columnNameCase}"
            &gt;
    &lt;/export&gt;
&lt;/config&gt;</content>
                                 <description>Default machine campaign for end step.</description>
                                 <includedConfigs/>
                                 <inclusionCode>824c8809-c38b-4262-ac68-cec3b62ec711</inclusionCode>
                                 <machineWorkSetting>
                                    <category>
                                       <automation>false</automation>
                                       <description/>
                                       <enabled>true</enabled>
                                       <executingType>MACHINE</executingType>
                                       <name>Other</name>
                                       <private>false</private>
                                       <publicId>dd92f240-144b-4fef-8476-4ec0acbc1105</publicId>
                                    </category>
                                    <contentType>BLANK</contentType>
                                    <description/>
                                    <enabled>true</enabled>
                                    <name>Miscellaneous Tasks</name>
                                    <publicId>26e6e095-00bb-43fa-8c34-af0b18e71ac9</publicId>
                                    <version>
                                       <lastModified>2022-10-29T13:41:13.979Z</lastModified>
                                       <componentUuid>26e6e095-00bb-43fa-8c34-af0b18e71ac9</componentUuid>
                                       <incrementalVersion>1.0</incrementalVersion>
                                       <lastInChain>true</lastInChain>
                                       <versionUuid>21fb56d6-d7f2-4555-b5fa-ebade9de7388</versionUuid>
                                    </version>
                                    <answers/>
                                    <machineWorkSettingType>BASIC</machineWorkSettingType>
                                    <template>
                                       <content>&lt;?xml version="1.0" encoding="UTF-8"?&gt;
&lt;config charset="UTF-8"&gt;
	&lt;export include-original-data="true"&gt;
	&lt;/export&gt;
&lt;/config&gt;</content>
                                       <name>Blank</name>
                                       <origination>CREATED_MANUALLY</origination>
                                       <status>ACTIVE</status>
                                       <type>BASE_MACHINE</type>
                                       <uuid>8f04bd99-7f51-4796-a528-d1a7c9ccfbc4</uuid>
                                       <version>
                                          <lastModified>2022-10-29T13:41:13.979Z</lastModified>
                                          <componentUuid>8f04bd99-7f51-4796-a528-d1a7c9ccfbc4</componentUuid>
                                          <incrementalVersion>1.0</incrementalVersion>
                                          <lastInChain>false</lastInChain>
                                          <versionUuid>82b997d1-aae7-44c8-9257-d631fa1f9d25</versionUuid>
                                       </version>
                                    </template>
                                 </machineWorkSetting>
                                 <name>Final Results</name>
                                 <machineConfigOptions/>
                                 <sourceType>MANUAL</sourceType>
                                 <template>
                                    <content>&lt;?xml version="1.0" encoding="UTF-8"?&gt;
&lt;config charset="UTF-8"&gt;
	&lt;export include-original-data="true"&gt;
	&lt;/export&gt;
&lt;/config&gt;</content>
                                    <name>Blank</name>
                                    <origination>CREATED_MANUALLY</origination>
                                    <status>ACTIVE</status>
                                    <type>BASE_MACHINE</type>
                                    <uuid>8f04bd99-7f51-4796-a528-d1a7c9ccfbc4</uuid>
                                    <version>
                                       <lastModified>2022-10-29T13:41:13.979Z</lastModified>
                                       <componentUuid>8f04bd99-7f51-4796-a528-d1a7c9ccfbc4</componentUuid>
                                       <incrementalVersion>1.0</incrementalVersion>
                                       <lastInChain>false</lastInChain>
                                       <versionUuid>72c85963-1db2-45ad-b8c9-f4ec673cea7e</versionUuid>
                                    </version>
                                 </template>
                                 <uuid>33b64d80-3587-4265-94ac-4ff8f9f08ac5</uuid>
                                 <version>
                                    <lastModified>2022-10-29T13:41:13.979Z</lastModified>
                                    <componentUuid>9e5000e3-c243-42d3-b5ad-c6ac90dec35e</componentUuid>
                                    <incrementalVersion>1.0</incrementalVersion>
                                    <lastInChain>true</lastInChain>
                                    <versionUuid>e1728fee-f927-41fc-8562-fba0669753e2</versionUuid>
                                 </version>
                              </machineConfig>
                              <origination>CREATED_AUTOMATICALLY</origination>
                              <requiresData>true</requiresData>
                              <status>ACTIVE</status>
                              <streamComplexRunThreshold>100</streamComplexRunThreshold>
                              <streamTimeInterval>Immediately</streamTimeInterval>
                              <streamTimeIntervalValue>0</streamTimeIntervalValue>
                              <streamValueType>Percents</streamValueType>
                              <title>Final Results</title>
                              <type>SINGLE</type>
                              <uuid>538d851e-9ba9-4c5a-862a-414968d5efed</uuid>
                              <validWorkflow>false</validWorkflow>
                              <version>
                                 <lastModified>2022-10-29T13:41:13.979Z</lastModified>
                                 <componentUuid>9f6a0dc2-8693-11e7-be4e-06d2c080f20b</componentUuid>
                                 <incrementalVersion>1.0</incrementalVersion>
                                 <lastInChain>false</lastInChain>
                                 <versionUuid>7ccf4263-ceac-4cae-af69-1c400cb7143f</versionUuid>
                              </version>
                              <workSettingBase>false</workSettingBase>
                              <goldRatio>0</goldRatio>
                              <goldBucketBlockSize>0</goldBucketBlockSize>
                              <goldSource>Empty</goldSource>
                              <goldType>Percentage</goldType>
                              <moderation>false</moderation>
                           </campaign>
                           <deleted>false</deleted>
                           <lastModifiedAudit>
                              <lastModified>2022-04-08T14:58:21.280Z</lastModified>
                           </lastModifiedAudit>
                           <skipForSTPCalculation>false</skipForSTPCalculation>
                           <stepIndex>2</stepIndex>
                           <stepPosition>END</stepPosition>
                           <streamed>false</streamed>
                           <uuid>306899ee-0e07-4747-945b-28a42869aad3</uuid>
                           <blockSize>1</blockSize>
                        </campaignMap>
                     </campaignMaps>
                     <campaigns/>
                     <compositeStructureXml>&lt;?xml version="1.0" encoding="UTF-8" standalone="no"?&gt;&lt;mxGraphModel&gt;&#13;
  &lt;root&gt;&#13;
    &lt;mxCell id="0"/&gt;&#13;
    &lt;mxCell id="1" parent="0"/&gt;&#13;
    &lt;Start id="2" name="Start" type="start"&gt;&#13;
      &lt;mxCell parent="1" style="start" vertex="1"&gt;&#13;
        &lt;mxGeometry as="geometry" height="32.0" width="32.0" x="220.0" y="180.0"/&gt;&#13;
      &lt;/mxCell&gt;&#13;
    &lt;/Start&gt;&#13;
    &lt;End campaignMapUUID="306899ee-0e07-4747-945b-28a42869aad3" id="3" name="Final Results" type="end"&gt;&#13;
      &lt;mxCell parent="1" style="end" vertex="1"&gt;&#13;
        &lt;mxGeometry as="geometry" height="32.0" width="32.0" x="524.0" y="180.0"/&gt;&#13;
      &lt;/mxCell&gt;&#13;
    &lt;/End&gt;&#13;
    &lt;MachineTask campaignMapUUID="4d9badd7-5e2e-43c6-9e7b-ae982c32ac2d" id="4" name="assignment_0-bcb v1.0.0 (example-bot)" taskUUID="4ea12739-8897-4a9a-96f2-d553e0b15b76" type="machine_task"&gt;&#13;
      &lt;mxCell parent="1" style="machine_task" vertex="1"&gt;&#13;
        &lt;mxGeometry as="geometry" height="60.0" width="160.0" x="310.0" y="166.0"/&gt;&#13;
      &lt;/mxCell&gt;&#13;
    &lt;/MachineTask&gt;&#13;
    &lt;Link id="5" name="" type="link"&gt;&#13;
      &lt;mxCell edge="1" parent="1" source="2" style="link" target="4"&gt;&#13;
        &lt;mxGeometry as="geometry" relative="1" x="0.5" y="10.0"/&gt;&#13;
      &lt;/mxCell&gt;&#13;
    &lt;/Link&gt;&#13;
    &lt;Link id="6" name="" outcome="ApproveAll" outcomeId="ApproveAll" ruleUUID="0a1c556d-78c3-46ec-a090-e75dbab79ebf" type="link"&gt;&#13;
      &lt;mxCell edge="1" parent="1" source="4" style="link" target="3"&gt;&#13;
        &lt;mxGeometry as="geometry" relative="1" x="0.5" y="10.0"/&gt;&#13;
      &lt;/mxCell&gt;&#13;
    &lt;/Link&gt;&#13;
  &lt;/root&gt;&#13;
&lt;/mxGraphModel&gt;</compositeStructureXml>
                     <createNewTrainingSet>false</createNewTrainingSet>
                     <description>Business Process description</description>
                     <executingType>COMPOSITE</executingType>
                     <includeOriginalData>false</includeOriginalData>
                     <origination>CREATED_AUTOMATICALLY</origination>
                     <requiresData>false</requiresData>
                     <status>ACTIVE</status>
                     <streamComplexRunThreshold>1</streamComplexRunThreshold>
                     <streamTimeInterval>Immediately</streamTimeInterval>
                     <streamTimeIntervalValue>0</streamTimeIntervalValue>
                     <streamValueType>Tasks</streamValueType>
                     <title>[test v1.0.0] Example BP</title>
                     <type>COMPOSITE</type>
                     <uuid>8e3c5b54-cca2-44af-838a-02904c474e15</uuid>
                     <validWorkflow>true</validWorkflow>
                     <version>
                        <lastModified>2022-04-08T14:58:21.280Z</lastModified>
                        <componentUuid>29be1a7b-af8b-419e-815b-510fd3b3d985</componentUuid>
                        <incrementalVersion>1.14</incrementalVersion>
                        <lastInChain>true</lastInChain>
                        <versionUuid>7afc065c-87d7-45a6-89e6-be42c5932e80</versionUuid>
                     </version>
                     <workSettingBase>false</workSettingBase>
                     <goldRatio>0</goldRatio>
                     <goldBucketBlockSize>0</goldBucketBlockSize>
                     <goldSource>Empty</goldSource>
                     <goldType>Percentage</goldType>
                     <compositeCampaignVersion>NEW_WORKFLOW</compositeCampaignVersion>
                     <compositeCampaignVersion>NEW_WORKFLOW</compositeCampaignVersion>
                  </campaign>
                  <description>
                     <automationType>NONE</automationType>
                     <goldRun>false</goldRun>
                     <qualificationTraining>false</qualificationTraining>
                     <snapshotType>CSV</snapshotType>
                     <streamingValue>1</streamingValue>
                     <streamingValueType>Tasks</streamingValueType>
                     <taskParams>{"values":{"NAME":"assignment_0-bcb v1.0.0 (example-bot)"}}</taskParams>
                     <uploadResultsType>CREATE</uploadResultsType>
                     <dynamicTaskRenderingDisabled>true</dynamicTaskRenderingDisabled>
                  </description>
                  <executingType>MACHINE</executingType>
                  <forceComplete>false</forceComplete>
                  <forceCompleteIdleTime>0</forceCompleteIdleTime>
                  <forceCompletePercent>100</forceCompletePercent>
                  <lastModified>2022-04-08T14:58:52.447Z</lastModified>
                  <mainRows>1</mainRows>
                  <purged>false</purged>
                  <recordProcessingStatus>COMPLETED</recordProcessingStatus>
                  <recursiveCount>1</recursiveCount>
                  <rootRunUUID>0fd52856-a4d1-410e-9014-720acb7c5dbb</rootRunUUID>
                  <runType>SIMPLE</runType>
                  <tags/>
                  <title>assignment_0-bcb v1.0.0 (example-bot)</title>
                  <uuid>1ab44dde-f06a-419d-a59a-1509f9c50f19</uuid>
                  <mixStrategy>
                     <additionalRows>0</additionalRows>
                     <goldItemSize>0</goldItemSize>
                     <goldPercentage>0</goldPercentage>
                     <mainRows>0</mainRows>
                     <repeated>false</repeated>
                     <blockSize>1</blockSize>
                  </mixStrategy>
                  <blockSize>1</blockSize>
               </run>
            </runs>
            <automationUseCases/>
            <automationInfo/>
         </project>
         <hashCode>4111992140</hashCode>
      </objectContainer>
  </objects>
</objectListWrapper>